<?xml version="1.0" encoding="UTF-8"?>
<project-private xmlns="http://www.netbeans.org/ns/project-private/1">
    <editor-bookmarks xmlns="http://www.netbeans.org/ns/editor-bookmarks/2" lastBookmarkId="0"/>
    <open-files xmlns="http://www.netbeans.org/ns/projectui-open-files/2">
        <group>
            <file>file:/C:/Users/Nek0/Documents/NetBeansProjects/TE_examenII/web/usuarios.jsp</file>
            <file>file:/C:/Users/Nek0/Documents/NetBeansProjects/TE_examenII/src/java/com/emergentes/dao/UsuariosDAO.java</file>
            <file>file:/C:/Users/Nek0/Documents/NetBeansProjects/TE_examenII/src/java/com/emergentes/dao/UsuariosDAOimpl.java</file>
            <file>file:/C:/Users/Nek0/Documents/NetBeansProjects/TE_examenII/src/java/com/emergentes/dao/RolesDAO.java</file>
            <file>file:/C:/Users/Nek0/Documents/NetBeansProjects/TE_examenII/web/permisos.jsp</file>
            <file>file:/C:/Users/Nek0/Documents/NetBeansProjects/TE_examenII/src/java/com/emergentes/utiles/conexionDB.java</file>
            <file>file:/C:/Users/Nek0/Documents/NetBeansProjects/TE_examenII/src/java/com/emergentes/dao/PermisosDAO.java</file>
            <file>file:/C:/Users/Nek0/Documents/NetBeansProjects/TE_examenII/web/index.jsp</file>
            <file>file:/C:/Users/Nek0/Documents/NetBeansProjects/TE_examenII/src/java/com/emergentes/modelo/Permisos.java</file>
            <file>file:/C:/Users/Nek0/Documents/NetBeansProjects/TE_examenII/src/java/com/emergentes/modelo/Roles.java</file>
            <file>file:/C:/Users/Nek0/Documents/NetBeansProjects/TE_examenII/web/WEB-INF/menu.jsp</file>
            <file>file:/C:/Users/Nek0/Documents/NetBeansProjects/TE_examenII/web/roles.jsp</file>
            <file>file:/C:/Users/Nek0/Documents/NetBeansProjects/TE_examenII/src/java/com/emergentes/modelo/Usuarios.java</file>
        </group>
    </open-files>
</project-private>
